{
    "time": {
        "year": 2026,
        "month": 8
    },
    "macro": {
        "growth": 0.0762729713291463,
        "unemployment": 3.3721776608808716,
        "inflation": 2.6217031849362793
    },
    "federal": {
        "president": {
            "name": "John Doe",
            "party": "Democrat"
        },
        "congress": {
            "house_control": "Democrat",
            "senate_control": "Republican"
        },
        "court": {
            "lean": "Democrat"
        },
        "budget": {
            "revenue": 0.0,
            "spending": 6100.0,
            "tax_rate": 0.18
        },
        "opinion": {
            "approval_president": 55.886485958452774,
            "approval_congress": 34.59639912337364,
            "issue_support": {
                "Infrastructure": 50.67056710523819,
                "Green Energy Initiative": 70.49439909144037
            }
        }
    },
    "parties": {
        "Democrat": {
            "name": "Democrat",
            "national_approval": 48.21265252140364
        },
        "Republican": {
            "name": "Republican",
            "national_approval": 100.0
        }
    },
    "states": {},
    "events": {
        "catalog": []
    },
    "rng_state": [
        3,
        [
            2209797851,
            1310782419,
            3119086015,
            1729616049,
            3847713558,
            3139771108,
            2455593149,
            3244754123,
            3577021632,
            1913712266,
            737322571,
            3615952240,
            18424935,
            1596446038,
            916716787,
            2212648123,
            769310697,
            3313257811,
            3293819628,
            3627437201,
            36460796,
            2846190702,
            3878573405,
            2747625764,
            1428796091,
            1628432771,
            2260628874,
            1519186401,
            1063032541,
            1709885350,
            2738772443,
            1979201122,
            114541802,
            2883602358,
            4077737636,
            173898411,
            2342798504,
            2450926409,
            2232824625,
            4033330503,
            2343616686,
            1515570958,
            4051615260,
            3522546727,
            533417299,
            3759121372,
            696316160,
            2870856616,
            3323407354,
            2866088407,
            3692585413,
            843123312,
            2332531573,
            405676999,
            2415026264,
            4280820917,
            2774053132,
            4108276368,
            1219140474,
            903806648,
            3377497524,
            108303057,
            4102665952,
            2550424930,
            2100374658,
            3266874912,
            4077700395,
            2986480159,
            139009351,
            3041653074,
            3839964247,
            4199433129,
            1936388353,
            1838224327,
            2781758059,
            4239229206,
            856134791,
            861511663,
            581911872,
            2786597277,
            161930731,
            445774403,
            2395212803,
            3311681945,
            3758626802,
            925604840,
            517910525,
            1064137318,
            695871777,
            3016363843,
            2805185051,
            1230244323,
            2835894583,
            290837395,
            1816834323,
            3421863065,
            3594521870,
            2677875623,
            4256153362,
            1405132945,
            791242287,
            766814324,
            1464935610,
            2427611059,
            3944445252,
            1276868917,
            1051991688,
            3108471098,
            2375801108,
            130419865,
            2775849674,
            3718610980,
            2752757474,
            2555610261,
            731605625,
            4283257435,
            597342503,
            94149598,
            1947300720,
            3674159161,
            3642772569,
            171502344,
            3062579376,
            1893076807,
            3467331993,
            1938238711,
            1173227143,
            4225576996,
            2389174523,
            1254780947,
            32373735,
            654097312,
            3633648030,
            1765314267,
            1033437443,
            2404206575,
            3142312706,
            346022565,
            3757977821,
            3975284955,
            172054339,
            141173632,
            3294911448,
            3847655497,
            3128512066,
            3166827120,
            2909018246,
            1745154100,
            2581131425,
            3032815063,
            4171776785,
            1561944867,
            1736557639,
            4280846812,
            3336183825,
            3773651363,
            1187013754,
            3337926801,
            557553004,
            2492430200,
            3031824664,
            2471699653,
            2044248862,
            2979841546,
            1197296108,
            2204504526,
            2891924611,
            3630721777,
            2235864090,
            2407183217,
            4267192286,
            3219204226,
            1467462895,
            1362378104,
            213283131,
            1644127254,
            4292149487,
            1518053450,
            2625923248,
            4079228224,
            84463266,
            3848195982,
            1458295978,
            1774367083,
            1811631071,
            781530395,
            3367450532,
            410798176,
            312908111,
            525593586,
            280418179,
            2123030836,
            4211165599,
            1461861714,
            3626322618,
            2710631310,
            2434646958,
            1656130410,
            1378799180,
            2779553398,
            1758697796,
            363954851,
            4195654717,
            4142148649,
            3556992360,
            1445991129,
            2712977377,
            2623222904,
            3995417036,
            3115788929,
            1699325857,
            509693981,
            917411528,
            600406579,
            2061828895,
            1876262424,
            3795137002,
            3270017248,
            1347667415,
            2479809997,
            2036299856,
            1042672787,
            994669106,
            433972083,
            2502275038,
            2635213551,
            1402784491,
            1116441945,
            2581750609,
            1873499699,
            744207079,
            2742614651,
            2608503629,
            2626117734,
            1428853800,
            28090190,
            3696488853,
            930414318,
            4047203678,
            1034926196,
            202997008,
            2388538012,
            1475336311,
            1795307474,
            3168055834,
            2131291408,
            3231249933,
            3728385138,
            596052658,
            3596044582,
            1203065752,
            1748127939,
            3932865294,
            149286079,
            1953265224,
            719931609,
            2888978460,
            3142736816,
            3705800512,
            3523583006,
            837382245,
            3599650457,
            2286439512,
            4018165742,
            3724674978,
            1336004804,
            462879669,
            1727727622,
            531401034,
            212853857,
            1136148421,
            238676462,
            3349901886,
            2915514296,
            287788277,
            3864137436,
            2932501431,
            882058814,
            6462233,
            1701589250,
            670526219,
            2293543260,
            3754637968,
